[
    {
        "sku": "FRT-001",
        "name": "Organic Bananas",
        "qty": 150,
        "price": 0.89
    },
    {
        "sku": "FRT-002",
        "name": "Gala Apples",
        "qty": 200,
        "price": 1.29
    },
    {
        "sku": "VEG-001",
        "name": "Fresh Broccoli",
        "qty": 75,
        "price": 2.49
    },
    {
        "sku": "DRY-001",
        "name": "Whole Wheat Bread",
        "qty": 50,
        "price": 3.99
    },
    {
        "sku": "DRY-002",
        "name": "Organic Pasta",
        "qty": 120,
        "price": 2.79
    },
    {
        "sku": "BEV-001",
        "name": "Orange Juice",
        "qty": 60,
        "price": 4.99
    },
    {
        "sku": "SNK-001",
        "name": "Mixed Nuts",
        "qty": 90,
        "price": 6.49
    }
]
