[
    {
        "sku": "FRT-001",
        "name": "Organic Bananas",
        "qty": 150,
        "price": 0.89,
        "description": "Fresh organic bananas sourced from certified farms. Rich in potassium and perfect for a healthy snack or smoothie.",
        "image": "/public/bananas.jpg"
    },
    {
        "sku": "FRT-002",
        "name": "Gala Apples",
        "qty": 200,
        "price": 1.29,
        "description": "Crisp and sweet Gala apples. Great for eating fresh, baking, or adding to salads. High in fiber and vitamin C.",
        "image": "/public/apples.jpg"
    },
    {
        "sku": "VEG-001",
        "name": "Fresh Broccoli",
        "qty": 75,
        "price": 2.49,
        "description": "Farm-fresh broccoli crowns packed with vitamins and nutrients. Perfect for steaming, roasting, or stir-frying.",
        "image": "/public/broccoli.jpg"
    },
    {
        "sku": "DRY-001",
        "name": "Whole Wheat Bread",
        "qty": 50,
        "price": 3.99,
        "description": "Freshly baked whole wheat bread made with 100% whole grain flour. No artificial preservatives. Great for sandwiches and toast.",
        "image": "/public/bread.jpg"
    },
    {
        "sku": "DRY-002",
        "name": "Organic Pasta",
        "qty": 120,
        "price": 2.79,
        "description": "Premium organic pasta made from durum wheat semolina. Cooks perfectly al dente every time. Excellent with any sauce.",
        "image": "/public/pasta.jpg"
    },
    {
        "sku": "BEV-001",
        "name": "Orange Juice",
        "qty": 60,
        "price": 4.99,
        "description": "100% pure orange juice with no added sugar. Freshly squeezed from ripe oranges. Excellent source of vitamin C.",
        "image": "/public/orange-juice.jpg"
    },
    {
        "sku": "SNK-001",
        "name": "Mixed Nuts",
        "qty": 90,
        "price": 6.49,
        "description": "Premium blend of almonds, cashews, walnuts, and pecans. Lightly roasted and unsalted. Perfect healthy snack packed with protein.",
        "image": "/public/mixed-nuts.jpg"
    }
]
