{
    "items": [
        {
            "id": 1,
            "name": "Apple",
            "category": "fruit",
            "color": "#ff6b6b",
            "description": "A sweet and crunchy fruit"
        },
        {
            "id": 2,
            "name": "Banana",
            "category": "fruit",
            "color": "#ffe66d",
            "description": "A yellow tropical fruit rich in potassium"
        },
        {
            "id": 3,
            "name": "Orange",
            "category": "fruit",
            "color": "#ff8c42",
            "description": "A citrus fruit packed with vitamin C"
        },
        {
            "id": 4,
            "name": "Strawberry",
            "category": "fruit",
            "color": "#ff1744",
            "description": "A small red berry with tiny seeds"
        },
        {
            "id": 5,
            "name": "Grapes",
            "category": "fruit",
            "color": "#9c27b0",
            "description": "Small round fruits that grow in clusters"
        },
        {
            "id": 6,
            "name": "Mango",
            "category": "fruit",
            "color": "#ffb74d",
            "description": "A tropical fruit with sweet orange flesh"
        },
        {
            "id": 7,
            "name": "Carrot",
            "category": "vegetable",
            "color": "#ff9800",
            "description": "A root vegetable rich in beta-carotene"
        },
        {
            "id": 8,
            "name": "Broccoli",
            "category": "vegetable",
            "color": "#4caf50",
            "description": "A green vegetable with tree-like florets"
        },
        {
            "id": 9,
            "name": "Spinach",
            "category": "vegetable",
            "color": "#2e7d32",
            "description": "Dark green leafy vegetable high in iron"
        },
        {
            "id": 10,
            "name": "Bell Pepper",
            "category": "vegetable",
            "color": "#f44336",
            "description": "A colorful pepper with a sweet taste"
        },
        {
            "id": 11,
            "name": "Tomato",
            "category": "vegetable",
            "color": "#e53935",
            "description": "A juicy red vegetable often used in many dishes"
        },
        {
            "id": 12,
            "name": "Cucumber",
            "category": "vegetable",
            "color": "#66bb6a",
            "description": "A refreshing green vegetable with high water content"
        }
    ]
}